대분류	중분료	업종명	종목명	종목코드
주식(ETF)	유가	KOSPI	KODEX 200	'069500
주식(ETF)	유가	KOSPI	TIGER 200	'102110
주식(ETF)	유가	KOSPI	KODEX 레버리지	'122630
주식(ETF)	유가	KOSPI	KODEX 단기채권	'153130
주식(ETF)	유가	KOSPI	KODEX 삼성그룹	'102780
주식(ETF)	유가	KOSPI	KINDEX200	'105190
주식(ETF)	유가	KOSPI	파워 K200	'152870
주식(ETF)	유가	KOSPI	KODEX 인버스	'114800
주식(ETF)	유가	KOSPI	TIGER 유동자금	'157450
주식(ETF)	유가	KOSPI	KOSEF 200	'069660
주식(ETF)	유가	KOSPI	ARIRANG 200	'152100
주식(ETF)	유가	KOSPI	KStar 200	'148020
주식(ETF)	유가	KOSPI	KStar 국고채	'114100
주식(ETF)	유가	KOSPI	KOSEF 국고채	'114470
주식(ETF)	유가	KOSPI	ARIRANG 단기유동성	'190160
주식(ETF)	유가	KOSPI	KINDEX 삼성그룹SW	'108450
주식(ETF)	유가	KOSPI	파워 국고채 ETF	'176710
주식(ETF)	유가	KOSPI	KOSEF 단기자금	'130730
주식(ETF)	유가	KOSPI	파워 K100	'140950
주식(ETF)	유가	KOSPI	ARIRANG 바벨 채권	'190150
주식(ETF)	유가	KOSPI	TIGER 반도체	'091230
주식(ETF)	유가	KOSPI	KOSEF 통안채	'122260
주식(ETF)	유가	KOSPI	TIGER 레버리지	'123320
주식(ETF)	유가	KOSPI	KODEX CHINA A50	'169950
주식(ETF)	유가	KOSPI	KStar 단기통안채	'196230
주식(ETF)	유가	KOSPI	TIGER 국채3	'114820
주식(ETF)	유가	KOSPI	KINDEX 중국본토CSI300	'168580
주식(ETF)	유가	KOSPI	TIGER 중국소비테마	'150460
주식(ETF)	유가	KOSPI	TIGER 차이나A300	'192090
주식(ETF)	유가	KOSPI	KINDEX 단기자금	'190620
주식(ETF)	유가	KOSPI	TREX 200	'108590
주식(ETF)	유가	KOSPI	TIGER IT	'139260
주식(ETF)	유가	KOSPI	ARIRANG 배당주	'161510
주식(ETF)	유가	KOSPI	TIGER KRX100	'091210
주식(ETF)	유가	KOSPI	KODEX China H	'099140
주식(ETF)	유가	KOSPI	KStar 우량회사채	'136340
주식(ETF)	유가	KOSPI	KStar 5대그룹주	'105780
주식(ETF)	유가	KOSPI	KOSEF 10년국고채	'148070
주식(ETF)	유가	KOSPI	KODEX 국고채	'114260
주식(ETF)	유가	KOSPI	TIGER 로우볼	'174350
주식(ETF)	유가	KOSPI	KOSEF 고배당	'104530
주식(ETF)	유가	KOSPI	KODEX 골드선물(H)	'132030
주식(ETF)	유가	KOSPI	TIGER 코스닥프리미어	'122390
주식(ETF)	유가	KOSPI	마이다스 커버드콜	'137930
주식(ETF)	유가	KOSPI	KINDEX 밸류대형	'143460
주식(ETF)	유가	KOSPI	TIGER 삼성그룹	'138520
주식(ETF)	유가	KOSPI	TIGER 베타플러스	'170350
주식(ETF)	유가	KOSPI	iKon 100	'153270
주식(ETF)	유가	KOSPI	TIGER 합성-일본(H)	'195920
주식(ETF)	유가	KOSPI	TIGER 합성-유로스탁스50(H)	'195930
주식(ETF)	유가	KOSPI	TIGER 합성-단기선진하이일드(H)	'182490
주식(ETF)	유가	KOSPI	KODEX 은행	'091170
주식(ETF)	유가	KOSPI	KOSEF KRX100	'100910
주식(ETF)	유가	KOSPI	ARIRANG K100EW	'141240
주식(ETF)	유가	KOSPI	TIGER 은행	'091220
주식(ETF)	유가	KOSPI	마이티 K100	'159800
주식(ETF)	유가	KOSPI	KStar 중국본토 CSI100	'174360
주식(ETF)	유가	KOSPI	파워고배당저변동성	'192720
주식(ETF)	유가	KOSPI	GIANT 현대차그룹	'107560
주식(ETF)	유가	KOSPI	KODEX 합성-미국바이오	'185680
주식(ETF)	유가	KOSPI	KStar 레버리지	'123760
주식(ETF)	유가	KOSPI	TIGER S&P500선물(H)	'143850
주식(ETF)	유가	KOSPI	ARIRANG 합성-신흥국(H)	'195980
주식(ETF)	유가	KOSPI	KOSEF 달러선물	'138230
주식(ETF)	유가	KOSPI	TIGER 경기민감	'139290
주식(ETF)	유가	KOSPI	ARIRANG 합성-선진국(H)	'195970
주식(ETF)	유가	KOSPI	KINDEX 일본레버리지(H)	'196030
주식(ETF)	유가	KOSPI	KStar 일본레버리지(H)	'196220
주식(ETF)	유가	KOSPI	KODEX 자동차	'091180
주식(ETF)	유가	KOSPI	KODEX 은선물(H)	'144600
주식(ETF)	유가	KOSPI	TIGER 커버드C200	'166400
주식(ETF)	유가	KOSPI	KTOP50	'168300
주식(ETF)	유가	KOSPI	KODEX 에너지화학	'117460
주식(ETF)	유가	KOSPI	ARIRANG 합성-AC 월드(H)	'189400
주식(ETF)	유가	KOSPI	KStar 우량업종	'140580
주식(ETF)	유가	KOSPI	TIGER 인버스	'123310
주식(ETF)	유가	KOSPI	KOSEF 블루칩	'104520
주식(ETF)	유가	KOSPI	ARIRANG 주도주	'161500
주식(ETF)	유가	KOSPI	KOSEF 10년국고채 레버리지	'167860
주식(ETF)	유가	KOSPI	KINDEX 레버리지	'152500
주식(ETF)	유가	KOSPI	FIRST 스타우량	'108630
주식(ETF)	유가	KOSPI	ARIRANG KOSPI50	'122090
주식(ETF)	유가	KOSPI	TIGER 경기방어	'139280
주식(ETF)	유가	KOSPI	KINDEX 국고채	'114460
주식(ETF)	유가	KOSPI	KODEX 반도체	'091160
주식(ETF)	유가	KOSPI	TIGER 농산물선물(H)	'137610
주식(ETF)	유가	KOSPI	KStar 코스닥엘리트30	'108480
주식(ETF)	유가	KOSPI	KINDEX 코스닥스타	'108440
주식(ETF)	유가	KOSPI	KODEX 조선	'102960
주식(ETF)	유가	KOSPI	KStar 채권혼합	'183700
주식(ETF)	유가	KOSPI	TREX 펀더멘탈 200	'145850
주식(ETF)	유가	KOSPI	KODEX 인버스국채선물10년	'176950
주식(ETF)	유가	KOSPI	TIGER합성-MSCI US리츠(H)	'182480
주식(ETF)	유가	KOSPI	TIGER 차이나	'117690
주식(ETF)	유가	KOSPI	KStar 주식혼합	'183710
주식(ETF)	유가	KOSPI	KStar 5대그룹주장기채+	'157650
주식(ETF)	유가	KOSPI	KODEX 합성-미국IT	'200020
주식(ETF)	유가	KOSPI	KODEX 합성-MSCI독일	'200050
주식(ETF)	유가	KOSPI	KODEX 건설	'117700
주식(ETF)	유가	KOSPI	KODEX 합성-미국금융	'200040
주식(ETF)	유가	KOSPI	KODEX 합성-미국산업재	'200030
주식(ETF)	유가	KOSPI	TIGER 현대차그룹+	'138540
주식(ETF)	유가	KOSPI	ARIRANG 방어주	'161490
주식(ETF)	유가	KOSPI	ARIRANG 철강금속	'161540
주식(ETF)	유가	KOSPI	ARIRANG KRX100EW	'141250
주식(ETF)	유가	KOSPI	KODEX 증권	'102970
주식(ETF)	유가	KOSPI	KINDEX 삼성그룹EW	'131890
주식(ETF)	유가	KOSPI	ARIRANG 네오밸류	'129270
주식(ETF)	유가	KOSPI	ARIRANG 조선운송	'161530
주식(ETF)	유가	KOSPI	TIGER 헬스케어	'143860
주식(ETF)	유가	KOSPI	ARIRANG 자동차	'161520
주식(ETF)	유가	KOSPI	TIGER 구리실물	'160580
주식(ETF)	유가	KOSPI	GREAT SRI	'120210
주식(ETF)	유가	KOSPI	TIGER 브릭스	'105020
주식(ETF)	유가	KOSPI	TIGER 그린	'137990
주식(ETF)	유가	KOSPI	KODEX 소비재	'136280
주식(ETF)	유가	KOSPI	KODEX MSCI KOREA	'156080
주식(ETF)	유가	KOSPI	KODEX 철강	'117680
주식(ETF)	유가	KOSPI	KODEX 주식&골드(H)	'166060
주식(ETF)	유가	KOSPI	KOSEF 펀더멘탈대형주	'144670
주식(ETF)	유가	KOSPI	ARIRANG 화학	'161550
주식(ETF)	유가	KOSPI	KStar 수출주	'140570
주식(ETF)	유가	KOSPI	KINDEX 합성-선진국하이일드(H)	'181450
주식(ETF)	유가	KOSPI	KODEX 구리선물(H)	'138910
주식(ETF)	유가	KOSPI	PIONEER SRI	'148040
주식(ETF)	유가	KOSPI	GREAT GREEN	'138210
주식(ETF)	유가	KOSPI	KOSEF IT	'091200
주식(ETF)	유가	KOSPI	ARIRANG LG그룹&	'117740
주식(ETF)	유가	KOSPI	KODEX 10년국채선물	'152380
주식(ETF)	유가	KOSPI	TIGER 원유선물(H)	'130680
주식(ETF)	유가	KOSPI	TREX 중소형가치	'097750
주식(ETF)	유가	KOSPI	KODEX 콩선물(H)	'138920
주식(ETF)	유가	KOSPI	TIGER 모멘텀	'147970
주식(ETF)	유가	KOSPI	KODEX 보험	'140700
주식(ETF)	유가	KOSPI	KODEX Japan	'101280
주식(ETF)	유가	KOSPI	TIGER 생활소비재	'152180
주식(ETF)	유가	KOSPI	KINDEX 합성-미국리츠부동산(H)	'181480
주식(ETF)	유가	KOSPI	TIGER 가치주	'097710
주식(ETF)	유가	KOSPI	KOSEF 200 선물	'152280
주식(ETF)	유가	KOSPI	TIGER 금은선물(H)	'139320
주식(ETF)	유가	KOSPI	TIGER 미디어통신	'098560
주식(ETF)	유가	KOSPI	TIGER 금융	'139270
주식(ETF)	유가	KOSPI	TIGER 자동차	'157510
주식(ETF)	유가	KOSPI	TIGER LG그룹+	'138530
주식(ETF)	유가	KOSPI	TIGER 화학	'157520
주식(ETF)	유가	KOSPI	KINDEX 인버스	'145670
주식(ETF)	유가	KOSPI	TIGER 라틴	'105010
주식(ETF)	유가	KOSPI	TIGER 증권	'157500
주식(ETF)	유가	KOSPI	KINDEX 성장대형F15	'105270
주식(ETF)	유가	KOSPI	KOSEF 달러인버스선물	'139660
주식(ETF)	유가	KOSPI	TIGER 미드캡	'097720
주식(ETF)	유가	KOSPI	TIGER 에너지화학	'139250
주식(ETF)	유가	KOSPI	TIGER 철강소재	'139240
주식(ETF)	유가	KOSPI	TIGER 소프트웨어	'157490
주식(ETF)	유가	KOSPI	KODEX 운송	'140710
주식(ETF)	유가	KOSPI	TIGER 금속선물(H)	'139310
주식(ETF)	유가	KOSPI	TIGER 나스닥100	'133690
주식(ETF)	유가	KOSPI	TIGER 건설기계	'139220
주식(ETF)	유가	KOSPI	TIGER 조선운송	'139230
주식(ETF)	유가	KOSPI	KODEX Brazil	'104580
